group,TF,repeat,annealing_status,R,R_squared,RMSE,N,file
baseline,CREB1 self,1,valid,0.6433987275427022,0.41396192260356834,0.347467830076024,260,C:\Users\User\Documents\Codex\2026-06-03\https-github-com-kennethabarr-transcpp-https\work\transcpp-master\CRE_enalizing\singlehit\selfcompetition-on\1TF\CRE_1TF_self8_singlehit_fullanneal_CREB1_scramble1_rate_invert.txt
baseline,CREB1 self,2,valid,0.6381373486637785,0.4072192757596368,0.34605444375369393,260,C:\Users\User\Documents\Codex\2026-06-03\https-github-com-kennethabarr-transcpp-https\work\transcpp-master\CRE_enalizing\singlehit\selfcompetition-on\1TF\CRE_1TF_self8_singlehit_fullanneal_CREB1_scramble2_rate_invert.txt
baseline,CREB1 self,3,valid,0.642872388343569,0.41328490769456455,0.3482660887505963,260,C:\Users\User\Documents\Codex\2026-06-03\https-github-com-kennethabarr-transcpp-https\work\transcpp-master\CRE_enalizing\singlehit\selfcompetition-on\1TF\CRE_1TF_self8_singlehit_fullanneal_CREB1_scramble3_rate_invert.txt
baseline,CREB1 self,4,valid,0.643171768675875,0.41366992402165326,0.3436809654681469,260,C:\Users\User\Documents\Codex\2026-06-03\https-github-com-kennethabarr-transcpp-https\work\transcpp-master\CRE_enalizing\singlehit\selfcompetition-on\1TF\CRE_1TF_self8_singlehit_fullanneal_CREB1_scramble4_rate_invert.txt
baseline,CREB1 self,5,valid,0.6434769200839456,0.41406254668072057,0.343473599484638,260,C:\Users\User\Documents\Codex\2026-06-03\https-github-com-kennethabarr-transcpp-https\work\transcpp-master\CRE_enalizing\singlehit\selfcompetition-on\1TF\CRE_1TF_self8_singlehit_fullanneal_CREB1_scramble5_rate_invert.txt
non-family,DLX2,1,valid,0.5910438942127918,0.34933288488622183,0.4298319500731909,260,C:\Users\User\Documents\Codex\2026-06-03\https-github-com-kennethabarr-transcpp-https\work\transcpp-master\CRE_enalizing\singlehit\selfcompetition-on\2TF_Figure3A\2TF_CREB_picture_paper_source_priority_TF\CRE_2TF_selfon2_singlehit_fullanneal_papersource_01_CREB1_DLX2_scramble1_rate_invert.txt
non-family,DLX2,2,valid,0.6443859815780234,0.4152332932542727,0.34525217380035644,260,C:\Users\User\Documents\Codex\2026-06-03\https-github-com-kennethabarr-transcpp-https\work\transcpp-master\CRE_enalizing\singlehit\selfcompetition-on\2TF_Figure3A\2TF_CREB_picture_paper_source_priority_TF\CRE_2TF_selfon2_singlehit_fullanneal_papersource_01_CREB1_DLX2_scramble2_rate_invert.txt
non-family,DLX2,3,valid,0.6410661736489333,0.41096583899688427,0.344599169618297,260,C:\Users\User\Documents\Codex\2026-06-03\https-github-com-kennethabarr-transcpp-https\work\transcpp-master\CRE_enalizing\singlehit\selfcompetition-on\2TF_Figure3A\2TF_CREB_picture_paper_source_priority_TF\CRE_2TF_selfon2_singlehit_fullanneal_papersource_01_CREB1_DLX2_scramble3_rate_invert.txt
non-family,DLX2,4,valid,0.6441089435008485,0.4148763310977792,0.3461188912938548,260,C:\Users\User\Documents\Codex\2026-06-03\https-github-com-kennethabarr-transcpp-https\work\transcpp-master\CRE_enalizing\singlehit\selfcompetition-on\2TF_Figure3A\2TF_CREB_picture_paper_source_priority_TF\CRE_2TF_selfon2_singlehit_fullanneal_papersource_01_CREB1_DLX2_scramble4_rate_invert.txt
non-family,DLX2,5,valid,0.644304576105347,0.41512838679029085,0.34552997887360126,260,C:\Users\User\Documents\Codex\2026-06-03\https-github-com-kennethabarr-transcpp-https\work\transcpp-master\CRE_enalizing\singlehit\selfcompetition-on\2TF_Figure3A\2TF_CREB_picture_paper_source_priority_TF\CRE_2TF_selfon2_singlehit_fullanneal_papersource_01_CREB1_DLX2_scramble5_rate_invert.txt
non-family,HOXA10,1,valid,0.6438837469108789,0.41458627953599275,0.3466993422297052,260,C:\Users\User\Documents\Codex\2026-06-03\https-github-com-kennethabarr-transcpp-https\work\transcpp-master\CRE_enalizing\singlehit\selfcompetition-on\2TF_Figure3A\2TF_CREB_picture_paper_source_priority_TF\CRE_2TF_selfon2_singlehit_fullanneal_papersource_02_CREB1_HOXA10_scramble1_rate_invert.txt
non-family,HOXA10,2,valid,0.6420989932413157,0.4122911171215112,0.34442720928236686,260,C:\Users\User\Documents\Codex\2026-06-03\https-github-com-kennethabarr-transcpp-https\work\transcpp-master\CRE_enalizing\singlehit\selfcompetition-on\2TF_Figure3A\2TF_CREB_picture_paper_source_priority_TF\CRE_2TF_selfon2_singlehit_fullanneal_papersource_02_CREB1_HOXA10_scramble2_rate_invert.txt
non-family,HOXA10,3,valid,0.6441895498364143,0.4149801761184421,0.34583646299780835,260,C:\Users\User\Documents\Codex\2026-06-03\https-github-com-kennethabarr-transcpp-https\work\transcpp-master\CRE_enalizing\singlehit\selfcompetition-on\2TF_Figure3A\2TF_CREB_picture_paper_source_priority_TF\CRE_2TF_selfon2_singlehit_fullanneal_papersource_02_CREB1_HOXA10_scramble3_rate_invert.txt
non-family,HOXA10,4,valid,0.643877161385002,0.41457779895320784,0.3467248562206929,260,C:\Users\User\Documents\Codex\2026-06-03\https-github-com-kennethabarr-transcpp-https\work\transcpp-master\CRE_enalizing\singlehit\selfcompetition-on\2TF_Figure3A\2TF_CREB_picture_paper_source_priority_TF\CRE_2TF_selfon2_singlehit_fullanneal_papersource_02_CREB1_HOXA10_scramble4_rate_invert.txt
non-family,HOXA10,5,valid,0.6428541529891029,0.41326146201533687,0.3483034444163033,260,C:\Users\User\Documents\Codex\2026-06-03\https-github-com-kennethabarr-transcpp-https\work\transcpp-master\CRE_enalizing\singlehit\selfcompetition-on\2TF_Figure3A\2TF_CREB_picture_paper_source_priority_TF\CRE_2TF_selfon2_singlehit_fullanneal_papersource_02_CREB1_HOXA10_scramble5_rate_invert.txt
non-family,HOXA11,1,s=-nan,0.6431046731559877,0.4135836206350698,0.346815586278389,260,C:\Users\User\Documents\Codex\2026-06-03\https-github-com-kennethabarr-transcpp-https\work\transcpp-master\CRE_enalizing\singlehit\selfcompetition-on\2TF_Figure3A\2TF_CREB_picture_paper_source_priority_TF\CRE_2TF_selfon2_singlehit_fullanneal_papersource_03_CREB1_HOXA11_scramble1_rate_invert.txt
non-family,HOXA11,2,valid,0.6410036813992532,0.41088571956739534,0.34308863909152176,260,C:\Users\User\Documents\Codex\2026-06-03\https-github-com-kennethabarr-transcpp-https\work\transcpp-master\CRE_enalizing\singlehit\selfcompetition-on\2TF_Figure3A\2TF_CREB_picture_paper_source_priority_TF\CRE_2TF_selfon2_singlehit_fullanneal_papersource_03_CREB1_HOXA11_scramble2_rate_invert.txt
non-family,HOXA11,3,valid,0.6440053304957875,0.41474286570698843,0.34600620899999895,260,C:\Users\User\Documents\Codex\2026-06-03\https-github-com-kennethabarr-transcpp-https\work\transcpp-master\CRE_enalizing\singlehit\selfcompetition-on\2TF_Figure3A\2TF_CREB_picture_paper_source_priority_TF\CRE_2TF_selfon2_singlehit_fullanneal_papersource_03_CREB1_HOXA11_scramble3_rate_invert.txt
non-family,HOXA11,4,valid,0.6436932459852693,0.41434099492705245,0.3469295891010485,260,C:\Users\User\Documents\Codex\2026-06-03\https-github-com-kennethabarr-transcpp-https\work\transcpp-master\CRE_enalizing\singlehit\selfcompetition-on\2TF_Figure3A\2TF_CREB_picture_paper_source_priority_TF\CRE_2TF_selfon2_singlehit_fullanneal_papersource_03_CREB1_HOXA11_scramble4_rate_invert.txt
non-family,HOXA11,5,valid,0.6434843797066163,0.41407214692640876,0.34716978768607576,260,C:\Users\User\Documents\Codex\2026-06-03\https-github-com-kennethabarr-transcpp-https\work\transcpp-master\CRE_enalizing\singlehit\selfcompetition-on\2TF_Figure3A\2TF_CREB_picture_paper_source_priority_TF\CRE_2TF_selfon2_singlehit_fullanneal_papersource_03_CREB1_HOXA11_scramble5_rate_invert.txt
non-family,HOXA5,1,valid,0.644127736348238,0.4149005407331051,0.3456838798631561,260,C:\Users\User\Documents\Codex\2026-06-03\https-github-com-kennethabarr-transcpp-https\work\transcpp-master\CRE_enalizing\singlehit\selfcompetition-on\2TF_Figure3A\2TF_CREB_picture_paper_source_priority_TF\CRE_2TF_selfon2_singlehit_fullanneal_papersource_04_CREB1_HOXA5_scramble1_rate_invert.txt
non-family,HOXA5,2,valid,0.6441316074777707,0.4149055277518968,0.34584720636828625,260,C:\Users\User\Documents\Codex\2026-06-03\https-github-com-kennethabarr-transcpp-https\work\transcpp-master\CRE_enalizing\singlehit\selfcompetition-on\2TF_Figure3A\2TF_CREB_picture_paper_source_priority_TF\CRE_2TF_selfon2_singlehit_fullanneal_papersource_04_CREB1_HOXA5_scramble2_rate_invert.txt
non-family,HOXA5,3,valid,0.6409427125825867,0.4108075608127244,0.34493281686206106,260,C:\Users\User\Documents\Codex\2026-06-03\https-github-com-kennethabarr-transcpp-https\work\transcpp-master\CRE_enalizing\singlehit\selfcompetition-on\2TF_Figure3A\2TF_CREB_picture_paper_source_priority_TF\CRE_2TF_selfon2_singlehit_fullanneal_papersource_04_CREB1_HOXA5_scramble3_rate_invert.txt
non-family,HOXA5,4,valid,0.6440987814769994,0.4148632403001554,0.34577269643901437,260,C:\Users\User\Documents\Codex\2026-06-03\https-github-com-kennethabarr-transcpp-https\work\transcpp-master\CRE_enalizing\singlehit\selfcompetition-on\2TF_Figure3A\2TF_CREB_picture_paper_source_priority_TF\CRE_2TF_selfon2_singlehit_fullanneal_papersource_04_CREB1_HOXA5_scramble4_rate_invert.txt
non-family,HOXA5,5,s=-nan,0.641811359968281,0.41192182178433434,0.34412100736282797,260,C:\Users\User\Documents\Codex\2026-06-03\https-github-com-kennethabarr-transcpp-https\work\transcpp-master\CRE_enalizing\singlehit\selfcompetition-on\2TF_Figure3A\2TF_CREB_picture_paper_source_priority_TF\CRE_2TF_selfon2_singlehit_fullanneal_papersource_04_CREB1_HOXA5_scramble5_rate_invert.txt
non-family,HOXA6,1,s=-nan,0.6401269625289899,0.40976252815659087,0.34541637555076105,260,C:\Users\User\Documents\Codex\2026-06-03\https-github-com-kennethabarr-transcpp-https\work\transcpp-master\CRE_enalizing\singlehit\selfcompetition-on\2TF_Figure3A\2TF_CREB_picture_paper_source_priority_TF\CRE_2TF_selfon2_singlehit_fullanneal_papersource_05_CREB1_HOXA6_scramble1_rate_invert.txt
non-family,HOXA6,2,valid,0.6437458506718949,0.41440872025728165,0.34662619833788033,260,C:\Users\User\Documents\Codex\2026-06-03\https-github-com-kennethabarr-transcpp-https\work\transcpp-master\CRE_enalizing\singlehit\selfcompetition-on\2TF_Figure3A\2TF_CREB_picture_paper_source_priority_TF\CRE_2TF_selfon2_singlehit_fullanneal_papersource_05_CREB1_HOXA6_scramble2_rate_invert.txt
non-family,HOXA6,3,valid,0.6440181757014698,0.41475941063384925,0.34597676897123786,260,C:\Users\User\Documents\Codex\2026-06-03\https-github-com-kennethabarr-transcpp-https\work\transcpp-master\CRE_enalizing\singlehit\selfcompetition-on\2TF_Figure3A\2TF_CREB_picture_paper_source_priority_TF\CRE_2TF_selfon2_singlehit_fullanneal_papersource_05_CREB1_HOXA6_scramble3_rate_invert.txt
non-family,HOXA6,4,valid,0.6396701805950986,0.40917793994256607,0.3431079220227942,260,C:\Users\User\Documents\Codex\2026-06-03\https-github-com-kennethabarr-transcpp-https\work\transcpp-master\CRE_enalizing\singlehit\selfcompetition-on\2TF_Figure3A\2TF_CREB_picture_paper_source_priority_TF\CRE_2TF_selfon2_singlehit_fullanneal_papersource_05_CREB1_HOXA6_scramble4_rate_invert.txt
non-family,HOXA6,5,valid,0.6412303651832403,0.4111763812330317,0.3426215356632243,260,C:\Users\User\Documents\Codex\2026-06-03\https-github-com-kennethabarr-transcpp-https\work\transcpp-master\CRE_enalizing\singlehit\selfcompetition-on\2TF_Figure3A\2TF_CREB_picture_paper_source_priority_TF\CRE_2TF_selfon2_singlehit_fullanneal_papersource_05_CREB1_HOXA6_scramble5_rate_invert.txt
non-family,HOXA9,1,valid,0.6437443834103698,0.4144068311723972,0.3466265971204074,260,C:\Users\User\Documents\Codex\2026-06-03\https-github-com-kennethabarr-transcpp-https\work\transcpp-master\CRE_enalizing\singlehit\selfcompetition-on\2TF_Figure3A\2TF_CREB_picture_paper_source_priority_TF\CRE_2TF_selfon2_singlehit_fullanneal_papersource_06_CREB1_HOXA9_scramble1_rate_invert.txt
non-family,HOXA9,2,valid,0.641317342393877,0.4112879336551453,0.34259449733161457,260,C:\Users\User\Documents\Codex\2026-06-03\https-github-com-kennethabarr-transcpp-https\work\transcpp-master\CRE_enalizing\singlehit\selfcompetition-on\2TF_Figure3A\2TF_CREB_picture_paper_source_priority_TF\CRE_2TF_selfon2_singlehit_fullanneal_papersource_06_CREB1_HOXA9_scramble2_rate_invert.txt
non-family,HOXA9,3,valid,0.6440361739041629,0.41478259329711314,0.34624360283593064,260,C:\Users\User\Documents\Codex\2026-06-03\https-github-com-kennethabarr-transcpp-https\work\transcpp-master\CRE_enalizing\singlehit\selfcompetition-on\2TF_Figure3A\2TF_CREB_picture_paper_source_priority_TF\CRE_2TF_selfon2_singlehit_fullanneal_papersource_06_CREB1_HOXA9_scramble3_rate_invert.txt
non-family,HOXA9,4,valid,0.6403963779300855,0.4101075208659729,0.3449735196305172,260,C:\Users\User\Documents\Codex\2026-06-03\https-github-com-kennethabarr-transcpp-https\work\transcpp-master\CRE_enalizing\singlehit\selfcompetition-on\2TF_Figure3A\2TF_CREB_picture_paper_source_priority_TF\CRE_2TF_selfon2_singlehit_fullanneal_papersource_06_CREB1_HOXA9_scramble4_rate_invert.txt
non-family,HOXA9,5,valid,0.6437647933984249,0.41443310921931664,0.3466658231391895,260,C:\Users\User\Documents\Codex\2026-06-03\https-github-com-kennethabarr-transcpp-https\work\transcpp-master\CRE_enalizing\singlehit\selfcompetition-on\2TF_Figure3A\2TF_CREB_picture_paper_source_priority_TF\CRE_2TF_selfon2_singlehit_fullanneal_papersource_06_CREB1_HOXA9_scramble5_rate_invert.txt
non-family,HOXB9,1,valid,0.621673834640312,0.38647835667639,0.7757655489943461,260,C:\Users\User\Documents\Codex\2026-06-03\https-github-com-kennethabarr-transcpp-https\work\transcpp-master\CRE_enalizing\singlehit\selfcompetition-on\2TF_Figure3A\2TF_CREB_picture_paper_source_priority_TF\CRE_2TF_selfon2_singlehit_fullanneal_papersource_07_CREB1_HOXB9_scramble1_rate_invert.txt
non-family,HOXB9,2,valid,0.643005150346245,0.4134556233717971,0.3479487340969442,260,C:\Users\User\Documents\Codex\2026-06-03\https-github-com-kennethabarr-transcpp-https\work\transcpp-master\CRE_enalizing\singlehit\selfcompetition-on\2TF_Figure3A\2TF_CREB_picture_paper_source_priority_TF\CRE_2TF_selfon2_singlehit_fullanneal_papersource_07_CREB1_HOXB9_scramble2_rate_invert.txt
non-family,HOXB9,3,valid,0.643911683876742,0.41462225663298136,0.346364879828687,260,C:\Users\User\Documents\Codex\2026-06-03\https-github-com-kennethabarr-transcpp-https\work\transcpp-master\CRE_enalizing\singlehit\selfcompetition-on\2TF_Figure3A\2TF_CREB_picture_paper_source_priority_TF\CRE_2TF_selfon2_singlehit_fullanneal_papersource_07_CREB1_HOXB9_scramble3_rate_invert.txt
non-family,HOXB9,4,valid,0.6442813488274549,0.4150984564469246,0.3456529149529771,260,C:\Users\User\Documents\Codex\2026-06-03\https-github-com-kennethabarr-transcpp-https\work\transcpp-master\CRE_enalizing\singlehit\selfcompetition-on\2TF_Figure3A\2TF_CREB_picture_paper_source_priority_TF\CRE_2TF_selfon2_singlehit_fullanneal_papersource_07_CREB1_HOXB9_scramble4_rate_invert.txt
non-family,HOXB9,5,valid,0.6361264649280968,0.40465687938191713,0.3473349809275317,260,C:\Users\User\Documents\Codex\2026-06-03\https-github-com-kennethabarr-transcpp-https\work\transcpp-master\CRE_enalizing\singlehit\selfcompetition-on\2TF_Figure3A\2TF_CREB_picture_paper_source_priority_TF\CRE_2TF_selfon2_singlehit_fullanneal_papersource_07_CREB1_HOXB9_scramble5_rate_invert.txt
non-family,HOXD13,1,valid,0.6439388651461541,0.4146572620457168,0.3465226875621124,260,C:\Users\User\Documents\Codex\2026-06-03\https-github-com-kennethabarr-transcpp-https\work\transcpp-master\CRE_enalizing\singlehit\selfcompetition-on\2TF_Figure3A\2TF_CREB_picture_paper_source_priority_TF\CRE_2TF_selfon2_singlehit_fullanneal_papersource_08_CREB1_HOXD13_scramble1_rate_invert.txt
non-family,HOXD13,2,valid,0.644051603685293,0.41480246820959776,0.3463883095171115,260,C:\Users\User\Documents\Codex\2026-06-03\https-github-com-kennethabarr-transcpp-https\work\transcpp-master\CRE_enalizing\singlehit\selfcompetition-on\2TF_Figure3A\2TF_CREB_picture_paper_source_priority_TF\CRE_2TF_selfon2_singlehit_fullanneal_papersource_08_CREB1_HOXD13_scramble2_rate_invert.txt
non-family,HOXD13,3,valid,0.6442708483724149,0.4150849260625112,0.34564961344393746,260,C:\Users\User\Documents\Codex\2026-06-03\https-github-com-kennethabarr-transcpp-https\work\transcpp-master\CRE_enalizing\singlehit\selfcompetition-on\2TF_Figure3A\2TF_CREB_picture_paper_source_priority_TF\CRE_2TF_selfon2_singlehit_fullanneal_papersource_08_CREB1_HOXD13_scramble3_rate_invert.txt
non-family,HOXD13,4,valid,0.6431965620763447,0.4137018174668291,0.3477484702546131,260,C:\Users\User\Documents\Codex\2026-06-03\https-github-com-kennethabarr-transcpp-https\work\transcpp-master\CRE_enalizing\singlehit\selfcompetition-on\2TF_Figure3A\2TF_CREB_picture_paper_source_priority_TF\CRE_2TF_selfon2_singlehit_fullanneal_papersource_08_CREB1_HOXD13_scramble4_rate_invert.txt
non-family,HOXD13,5,valid,0.6435668866286327,0.4141783375648714,0.34708331170586515,260,C:\Users\User\Documents\Codex\2026-06-03\https-github-com-kennethabarr-transcpp-https\work\transcpp-master\CRE_enalizing\singlehit\selfcompetition-on\2TF_Figure3A\2TF_CREB_picture_paper_source_priority_TF\CRE_2TF_selfon2_singlehit_fullanneal_papersource_08_CREB1_HOXD13_scramble5_rate_invert.txt
non-family,NKX22,1,valid,0.6435305834720212,0.41413161186384,0.34718035953135506,260,C:\Users\User\Documents\Codex\2026-06-03\https-github-com-kennethabarr-transcpp-https\work\transcpp-master\CRE_enalizing\singlehit\selfcompetition-on\2TF_Figure3A\2TF_CREB_picture_paper_source_priority_TF\CRE_2TF_selfon2_singlehit_fullanneal_papersource_09_CREB1_NKX22_scramble1_rate_invert.txt
non-family,NKX22,2,valid,0.6441005526402349,0.41486552191145604,0.34620480943067866,260,C:\Users\User\Documents\Codex\2026-06-03\https-github-com-kennethabarr-transcpp-https\work\transcpp-master\CRE_enalizing\singlehit\selfcompetition-on\2TF_Figure3A\2TF_CREB_picture_paper_source_priority_TF\CRE_2TF_selfon2_singlehit_fullanneal_papersource_09_CREB1_NKX22_scramble2_rate_invert.txt
non-family,NKX22,3,s=-nan,0.6400325290180492,0.40964163820124,0.3453865456627484,260,C:\Users\User\Documents\Codex\2026-06-03\https-github-com-kennethabarr-transcpp-https\work\transcpp-master\CRE_enalizing\singlehit\selfcompetition-on\2TF_Figure3A\2TF_CREB_picture_paper_source_priority_TF\CRE_2TF_selfon2_singlehit_fullanneal_papersource_09_CREB1_NKX22_scramble3_rate_invert.txt
non-family,NKX22,4,valid,0.6432191696482349,0.41373090020296477,0.3475461191894073,260,C:\Users\User\Documents\Codex\2026-06-03\https-github-com-kennethabarr-transcpp-https\work\transcpp-master\CRE_enalizing\singlehit\selfcompetition-on\2TF_Figure3A\2TF_CREB_picture_paper_source_priority_TF\CRE_2TF_selfon2_singlehit_fullanneal_papersource_09_CREB1_NKX22_scramble4_rate_invert.txt
non-family,NKX22,5,valid,0.17822456372183706,0.031763995113839164,3.5548824434000452,260,C:\Users\User\Documents\Codex\2026-06-03\https-github-com-kennethabarr-transcpp-https\work\transcpp-master\CRE_enalizing\singlehit\selfcompetition-on\2TF_Figure3A\2TF_CREB_picture_paper_source_priority_TF\CRE_2TF_selfon2_singlehit_fullanneal_papersource_09_CREB1_NKX22_scramble5_rate_invert.txt
non-family,POU3F2,1,valid,0.6411125105429781,0.4110252511747202,0.3426180272957033,260,C:\Users\User\Documents\Codex\2026-06-03\https-github-com-kennethabarr-transcpp-https\work\transcpp-master\CRE_enalizing\singlehit\selfcompetition-on\2TF_Figure3A\2TF_CREB_picture_paper_source_priority_TF\CRE_2TF_selfon2_singlehit_fullanneal_papersource_10_CREB1_POU3F2_scramble1_rate_invert.txt
non-family,POU3F2,2,valid,0.6440851124431959,0.4148456320709643,0.34587698400908007,260,C:\Users\User\Documents\Codex\2026-06-03\https-github-com-kennethabarr-transcpp-https\work\transcpp-master\CRE_enalizing\singlehit\selfcompetition-on\2TF_Figure3A\2TF_CREB_picture_paper_source_priority_TF\CRE_2TF_selfon2_singlehit_fullanneal_papersource_10_CREB1_POU3F2_scramble2_rate_invert.txt
non-family,POU3F2,3,valid,0.6441558313285973,0.41493673503463635,0.3456294479349767,260,C:\Users\User\Documents\Codex\2026-06-03\https-github-com-kennethabarr-transcpp-https\work\transcpp-master\CRE_enalizing\singlehit\selfcompetition-on\2TF_Figure3A\2TF_CREB_picture_paper_source_priority_TF\CRE_2TF_selfon2_singlehit_fullanneal_papersource_10_CREB1_POU3F2_scramble3_rate_invert.txt
non-family,POU3F2,4,valid,0.6403436201842685,0.4100399519106947,0.3452436150877256,260,C:\Users\User\Documents\Codex\2026-06-03\https-github-com-kennethabarr-transcpp-https\work\transcpp-master\CRE_enalizing\singlehit\selfcompetition-on\2TF_Figure3A\2TF_CREB_picture_paper_source_priority_TF\CRE_2TF_selfon2_singlehit_fullanneal_papersource_10_CREB1_POU3F2_scramble4_rate_invert.txt
non-family,POU3F2,5,valid,0.6433362944101874,0.41388158770543126,0.34717128561241956,260,C:\Users\User\Documents\Codex\2026-06-03\https-github-com-kennethabarr-transcpp-https\work\transcpp-master\CRE_enalizing\singlehit\selfcompetition-on\2TF_Figure3A\2TF_CREB_picture_paper_source_priority_TF\CRE_2TF_selfon2_singlehit_fullanneal_papersource_10_CREB1_POU3F2_scramble5_rate_invert.txt
non-family,SOX4,1,valid,0.6435551782393922,0.4141632674387359,0.3471043924391902,260,C:\Users\User\Documents\Codex\2026-06-03\https-github-com-kennethabarr-transcpp-https\work\transcpp-master\CRE_enalizing\singlehit\selfcompetition-on\2TF_Figure3A\2TF_CREB_picture_paper_source_priority_TF\CRE_2TF_selfon2_singlehit_fullanneal_papersource_11_CREB1_SOX4_scramble1_rate_invert.txt
non-family,SOX4,2,valid,0.6434894682941507,0.41407869580548873,0.3472567361547704,260,C:\Users\User\Documents\Codex\2026-06-03\https-github-com-kennethabarr-transcpp-https\work\transcpp-master\CRE_enalizing\singlehit\selfcompetition-on\2TF_Figure3A\2TF_CREB_picture_paper_source_priority_TF\CRE_2TF_selfon2_singlehit_fullanneal_papersource_11_CREB1_SOX4_scramble2_rate_invert.txt
non-family,SOX4,3,valid,0.6436075235903632,0.41423064442211993,0.3468418990047361,260,C:\Users\User\Documents\Codex\2026-06-03\https-github-com-kennethabarr-transcpp-https\work\transcpp-master\CRE_enalizing\singlehit\selfcompetition-on\2TF_Figure3A\2TF_CREB_picture_paper_source_priority_TF\CRE_2TF_selfon2_singlehit_fullanneal_papersource_11_CREB1_SOX4_scramble3_rate_invert.txt
non-family,SOX4,4,valid,0.64411623795297,0.4148857279946871,0.34593986421716355,260,C:\Users\User\Documents\Codex\2026-06-03\https-github-com-kennethabarr-transcpp-https\work\transcpp-master\CRE_enalizing\singlehit\selfcompetition-on\2TF_Figure3A\2TF_CREB_picture_paper_source_priority_TF\CRE_2TF_selfon2_singlehit_fullanneal_papersource_11_CREB1_SOX4_scramble4_rate_invert.txt
non-family,SOX4,5,valid,0.6441288036028182,0.414901915630798,0.3456656398239534,260,C:\Users\User\Documents\Codex\2026-06-03\https-github-com-kennethabarr-transcpp-https\work\transcpp-master\CRE_enalizing\singlehit\selfcompetition-on\2TF_Figure3A\2TF_CREB_picture_paper_source_priority_TF\CRE_2TF_selfon2_singlehit_fullanneal_papersource_11_CREB1_SOX4_scramble5_rate_invert.txt
non-family,TCF3,1,s=-nan,0.6390962168851425,0.4084439744369011,0.34334922086344216,260,C:\Users\User\Documents\Codex\2026-06-03\https-github-com-kennethabarr-transcpp-https\work\transcpp-master\CRE_enalizing\singlehit\selfcompetition-on\2TF_Figure3A\2TF_CREB_picture_paper_source_priority_TF\CRE_2TF_selfon2_singlehit_fullanneal_papersource_12_CREB1_TCF3_scramble1_rate_invert.txt
non-family,TCF3,2,valid,0.5910855884132589,0.34938217282984846,0.4297677017269507,260,C:\Users\User\Documents\Codex\2026-06-03\https-github-com-kennethabarr-transcpp-https\work\transcpp-master\CRE_enalizing\singlehit\selfcompetition-on\2TF_Figure3A\2TF_CREB_picture_paper_source_priority_TF\CRE_2TF_selfon2_singlehit_fullanneal_papersource_12_CREB1_TCF3_scramble2_rate_invert.txt
non-family,TCF3,3,valid,0.6425466839953082,0.4128662411133665,0.3463512501339961,260,C:\Users\User\Documents\Codex\2026-06-03\https-github-com-kennethabarr-transcpp-https\work\transcpp-master\CRE_enalizing\singlehit\selfcompetition-on\2TF_Figure3A\2TF_CREB_picture_paper_source_priority_TF\CRE_2TF_selfon2_singlehit_fullanneal_papersource_12_CREB1_TCF3_scramble3_rate_invert.txt
non-family,TCF3,4,s=-nan,0.6409700211166319,0.4108425679702556,0.3446699580282477,260,C:\Users\User\Documents\Codex\2026-06-03\https-github-com-kennethabarr-transcpp-https\work\transcpp-master\CRE_enalizing\singlehit\selfcompetition-on\2TF_Figure3A\2TF_CREB_picture_paper_source_priority_TF\CRE_2TF_selfon2_singlehit_fullanneal_papersource_12_CREB1_TCF3_scramble4_rate_invert.txt
non-family,TCF3,5,valid,0.6442115893673332,0.4150085718751856,0.34578898185163354,260,C:\Users\User\Documents\Codex\2026-06-03\https-github-com-kennethabarr-transcpp-https\work\transcpp-master\CRE_enalizing\singlehit\selfcompetition-on\2TF_Figure3A\2TF_CREB_picture_paper_source_priority_TF\CRE_2TF_selfon2_singlehit_fullanneal_papersource_12_CREB1_TCF3_scramble5_rate_invert.txt
non-family,YY1,1,valid,0.6441091137784126,0.4148765504524121,0.34643390273035535,260,C:\Users\User\Documents\Codex\2026-06-03\https-github-com-kennethabarr-transcpp-https\work\transcpp-master\CRE_enalizing\singlehit\selfcompetition-on\2TF_Figure3A\2TF_CREB_picture_paper_source_priority_TF\CRE_2TF_selfon2_singlehit_fullanneal_papersource_13_CREB1_YY1_scramble1_rate_invert.txt
non-family,YY1,2,valid,0.5910401916912914,0.34932850819447847,0.4298119753487242,260,C:\Users\User\Documents\Codex\2026-06-03\https-github-com-kennethabarr-transcpp-https\work\transcpp-master\CRE_enalizing\singlehit\selfcompetition-on\2TF_Figure3A\2TF_CREB_picture_paper_source_priority_TF\CRE_2TF_selfon2_singlehit_fullanneal_papersource_13_CREB1_YY1_scramble2_rate_invert.txt
non-family,YY1,3,valid,0.6431597632159854,0.4136544810200425,0.3465555322757815,260,C:\Users\User\Documents\Codex\2026-06-03\https-github-com-kennethabarr-transcpp-https\work\transcpp-master\CRE_enalizing\singlehit\selfcompetition-on\2TF_Figure3A\2TF_CREB_picture_paper_source_priority_TF\CRE_2TF_selfon2_singlehit_fullanneal_papersource_13_CREB1_YY1_scramble3_rate_invert.txt
non-family,YY1,4,valid,0.6421901251228921,0.4124081568053558,0.3441690182316933,260,C:\Users\User\Documents\Codex\2026-06-03\https-github-com-kennethabarr-transcpp-https\work\transcpp-master\CRE_enalizing\singlehit\selfcompetition-on\2TF_Figure3A\2TF_CREB_picture_paper_source_priority_TF\CRE_2TF_selfon2_singlehit_fullanneal_papersource_13_CREB1_YY1_scramble4_rate_invert.txt
non-family,YY1,5,valid,0.6434972669549108,0.41408873257843976,0.347298516296054,260,C:\Users\User\Documents\Codex\2026-06-03\https-github-com-kennethabarr-transcpp-https\work\transcpp-master\CRE_enalizing\singlehit\selfcompetition-on\2TF_Figure3A\2TF_CREB_picture_paper_source_priority_TF\CRE_2TF_selfon2_singlehit_fullanneal_papersource_13_CREB1_YY1_scramble5_rate_invert.txt
non-family,ZIC2,1,valid,0.642200379331126,0.41242132721304203,0.3441528102046371,260,C:\Users\User\Documents\Codex\2026-06-03\https-github-com-kennethabarr-transcpp-https\work\transcpp-master\CRE_enalizing\singlehit\selfcompetition-on\2TF_Figure3A\2TF_CREB_picture_paper_source_priority_TF\CRE_2TF_selfon2_singlehit_fullanneal_papersource_14_CREB1_ZIC2_scramble1_rate_invert.txt
non-family,ZIC2,2,valid,0.6441198540066145,0.4148903863255024,0.3462300843143085,260,C:\Users\User\Documents\Codex\2026-06-03\https-github-com-kennethabarr-transcpp-https\work\transcpp-master\CRE_enalizing\singlehit\selfcompetition-on\2TF_Figure3A\2TF_CREB_picture_paper_source_priority_TF\CRE_2TF_selfon2_singlehit_fullanneal_papersource_14_CREB1_ZIC2_scramble2_rate_invert.txt
non-family,ZIC2,3,valid,0.6435746381186047,0.41418831482949303,0.34699159526391565,260,C:\Users\User\Documents\Codex\2026-06-03\https-github-com-kennethabarr-transcpp-https\work\transcpp-master\CRE_enalizing\singlehit\selfcompetition-on\2TF_Figure3A\2TF_CREB_picture_paper_source_priority_TF\CRE_2TF_selfon2_singlehit_fullanneal_papersource_14_CREB1_ZIC2_scramble3_rate_invert.txt
non-family,ZIC2,4,valid,0.643826320910905,0.4145123314976716,0.34671276215789626,260,C:\Users\User\Documents\Codex\2026-06-03\https-github-com-kennethabarr-transcpp-https\work\transcpp-master\CRE_enalizing\singlehit\selfcompetition-on\2TF_Figure3A\2TF_CREB_picture_paper_source_priority_TF\CRE_2TF_selfon2_singlehit_fullanneal_papersource_14_CREB1_ZIC2_scramble4_rate_invert.txt
non-family,ZIC2,5,valid,0.6429271556516618,0.4133553274743362,0.3482459855016025,260,C:\Users\User\Documents\Codex\2026-06-03\https-github-com-kennethabarr-transcpp-https\work\transcpp-master\CRE_enalizing\singlehit\selfcompetition-on\2TF_Figure3A\2TF_CREB_picture_paper_source_priority_TF\CRE_2TF_selfon2_singlehit_fullanneal_papersource_14_CREB1_ZIC2_scramble5_rate_invert.txt
family,ATF1,1,valid,0.6404667056911469,0.4101976010988702,0.34673323586787497,260,C:\Users\User\Documents\Codex\2026-06-03\https-github-com-kennethabarr-transcpp-https\work\transcpp-master\CRE_enalizing\singlehit\selfcompetition-on\2TF_Figure3A\2TF_CREB_familiy_TF\CRE_2TF_selfon2_singlehit_fullanneal_comb_01_CREB1_ATF1_scramble1_rate_invert.txt
family,ATF1,2,valid,0.6492492964565569,0.42152464894933417,0.34993859912961406,260,C:\Users\User\Documents\Codex\2026-06-03\https-github-com-kennethabarr-transcpp-https\work\transcpp-master\CRE_enalizing\singlehit\selfcompetition-on\2TF_Figure3A\2TF_CREB_familiy_TF\CRE_2TF_selfon2_singlehit_fullanneal_comb_01_CREB1_ATF1_scramble2_rate_invert.txt
family,ATF1,3,valid,0.6553979145893611,0.4295464264480835,0.3431195641262332,260,C:\Users\User\Documents\Codex\2026-06-03\https-github-com-kennethabarr-transcpp-https\work\transcpp-master\CRE_enalizing\singlehit\selfcompetition-on\2TF_Figure3A\2TF_CREB_familiy_TF\CRE_2TF_selfon2_singlehit_fullanneal_comb_01_CREB1_ATF1_scramble3_rate_invert.txt
family,ATF1,4,valid,0.5910265587812646,0.34931239318482366,0.4308564991013489,260,C:\Users\User\Documents\Codex\2026-06-03\https-github-com-kennethabarr-transcpp-https\work\transcpp-master\CRE_enalizing\singlehit\selfcompetition-on\2TF_Figure3A\2TF_CREB_familiy_TF\CRE_2TF_selfon2_singlehit_fullanneal_comb_01_CREB1_ATF1_scramble4_rate_invert.txt
family,ATF1,5,valid,0.669545369600832,0.44829100195391475,0.34148542195175136,260,C:\Users\User\Documents\Codex\2026-06-03\https-github-com-kennethabarr-transcpp-https\work\transcpp-master\CRE_enalizing\singlehit\selfcompetition-on\2TF_Figure3A\2TF_CREB_familiy_TF\CRE_2TF_selfon2_singlehit_fullanneal_comb_01_CREB1_ATF1_scramble5_rate_invert.txt
family,ATF4,1,valid,0.8261419510666077,0.6825105233121412,0.25311293367249027,260,C:\Users\User\Documents\Codex\2026-06-03\https-github-com-kennethabarr-transcpp-https\work\transcpp-master\CRE_enalizing\singlehit\selfcompetition-on\2TF_Figure3A\2TF_CREB_familiy_TF\CRE_2TF_selfon2_singlehit_fullanneal_comb_02_CREB1_ATF4_scramble1_rate_invert.txt
family,ATF4,2,valid,0.8212934075801349,0.6745228613345896,0.26826607842845906,260,C:\Users\User\Documents\Codex\2026-06-03\https-github-com-kennethabarr-transcpp-https\work\transcpp-master\CRE_enalizing\singlehit\selfcompetition-on\2TF_Figure3A\2TF_CREB_familiy_TF\CRE_2TF_selfon2_singlehit_fullanneal_comb_02_CREB1_ATF4_scramble2_rate_invert.txt
family,ATF4,3,valid,0.821275146328683,0.6744928659771997,0.25520179908716295,260,C:\Users\User\Documents\Codex\2026-06-03\https-github-com-kennethabarr-transcpp-https\work\transcpp-master\CRE_enalizing\singlehit\selfcompetition-on\2TF_Figure3A\2TF_CREB_familiy_TF\CRE_2TF_selfon2_singlehit_fullanneal_comb_02_CREB1_ATF4_scramble3_rate_invert.txt
family,ATF4,4,valid,0.827498934883755,0.6847544872337491,0.25614393076915215,260,C:\Users\User\Documents\Codex\2026-06-03\https-github-com-kennethabarr-transcpp-https\work\transcpp-master\CRE_enalizing\singlehit\selfcompetition-on\2TF_Figure3A\2TF_CREB_familiy_TF\CRE_2TF_selfon2_singlehit_fullanneal_comb_02_CREB1_ATF4_scramble4_rate_invert.txt
family,ATF4,5,valid,0.8214371182172813,0.6747589391851118,0.2685716895308619,260,C:\Users\User\Documents\Codex\2026-06-03\https-github-com-kennethabarr-transcpp-https\work\transcpp-master\CRE_enalizing\singlehit\selfcompetition-on\2TF_Figure3A\2TF_CREB_familiy_TF\CRE_2TF_selfon2_singlehit_fullanneal_comb_02_CREB1_ATF4_scramble5_rate_invert.txt
family,ATF7,1,valid,0.8262597958494723,0.6827052502372116,0.2582082639241729,260,C:\Users\User\Documents\Codex\2026-06-03\https-github-com-kennethabarr-transcpp-https\work\transcpp-master\CRE_enalizing\singlehit\selfcompetition-on\2TF_Figure3A\2TF_CREB_familiy_TF\CRE_2TF_selfon2_singlehit_fullanneal_comb_03_CREB1_ATF7_scramble1_rate_invert.txt
family,ATF7,2,valid,0.8263771002595782,0.682899111833429,0.2630380274423304,260,C:\Users\User\Documents\Codex\2026-06-03\https-github-com-kennethabarr-transcpp-https\work\transcpp-master\CRE_enalizing\singlehit\selfcompetition-on\2TF_Figure3A\2TF_CREB_familiy_TF\CRE_2TF_selfon2_singlehit_fullanneal_comb_03_CREB1_ATF7_scramble2_rate_invert.txt
family,ATF7,3,valid,0.7716180935893768,0.5953944823545043,0.2940171244841168,260,C:\Users\User\Documents\Codex\2026-06-03\https-github-com-kennethabarr-transcpp-https\work\transcpp-master\CRE_enalizing\singlehit\selfcompetition-on\2TF_Figure3A\2TF_CREB_familiy_TF\CRE_2TF_selfon2_singlehit_fullanneal_comb_03_CREB1_ATF7_scramble3_rate_invert.txt
family,ATF7,4,valid,0.827506292927508,0.6847666648346267,0.2601573559261001,260,C:\Users\User\Documents\Codex\2026-06-03\https-github-com-kennethabarr-transcpp-https\work\transcpp-master\CRE_enalizing\singlehit\selfcompetition-on\2TF_Figure3A\2TF_CREB_familiy_TF\CRE_2TF_selfon2_singlehit_fullanneal_comb_03_CREB1_ATF7_scramble4_rate_invert.txt
family,ATF7,5,valid,0.7682916608772145,0.5902720761734687,0.29274258862579305,260,C:\Users\User\Documents\Codex\2026-06-03\https-github-com-kennethabarr-transcpp-https\work\transcpp-master\CRE_enalizing\singlehit\selfcompetition-on\2TF_Figure3A\2TF_CREB_familiy_TF\CRE_2TF_selfon2_singlehit_fullanneal_comb_03_CREB1_ATF7_scramble5_rate_invert.txt
family,CREB3,1,valid,0.7939749905873726,0.6303962856782185,0.27679635128652175,260,C:\Users\User\Documents\Codex\2026-06-03\https-github-com-kennethabarr-transcpp-https\work\transcpp-master\CRE_enalizing\singlehit\selfcompetition-on\2TF_Figure3A\2TF_CREB_familiy_TF\CRE_2TF_selfon2_singlehit_fullanneal_comb_04_CREB1_CREB3_scramble1_rate_invert.txt
family,CREB3,2,valid,0.7903098125553063,0.6245895998212034,0.2831292276130374,260,C:\Users\User\Documents\Codex\2026-06-03\https-github-com-kennethabarr-transcpp-https\work\transcpp-master\CRE_enalizing\singlehit\selfcompetition-on\2TF_Figure3A\2TF_CREB_familiy_TF\CRE_2TF_selfon2_singlehit_fullanneal_comb_04_CREB1_CREB3_scramble2_rate_invert.txt
family,CREB3,3,valid,0.7903480224676165,0.624649996618472,0.28246343082229713,260,C:\Users\User\Documents\Codex\2026-06-03\https-github-com-kennethabarr-transcpp-https\work\transcpp-master\CRE_enalizing\singlehit\selfcompetition-on\2TF_Figure3A\2TF_CREB_familiy_TF\CRE_2TF_selfon2_singlehit_fullanneal_comb_04_CREB1_CREB3_scramble3_rate_invert.txt
family,CREB3,4,valid,0.7904521222261414,0.6248145575318107,0.28278121309386806,260,C:\Users\User\Documents\Codex\2026-06-03\https-github-com-kennethabarr-transcpp-https\work\transcpp-master\CRE_enalizing\singlehit\selfcompetition-on\2TF_Figure3A\2TF_CREB_familiy_TF\CRE_2TF_selfon2_singlehit_fullanneal_comb_04_CREB1_CREB3_scramble4_rate_invert.txt
family,CREB3,5,valid,0.7904293896173511,0.6247786199708583,0.28299614704207054,260,C:\Users\User\Documents\Codex\2026-06-03\https-github-com-kennethabarr-transcpp-https\work\transcpp-master\CRE_enalizing\singlehit\selfcompetition-on\2TF_Figure3A\2TF_CREB_familiy_TF\CRE_2TF_selfon2_singlehit_fullanneal_comb_04_CREB1_CREB3_scramble5_rate_invert.txt
family,CREB5,1,valid,0.8051930728816259,0.6483358846165553,0.2830836187363342,260,C:\Users\User\Documents\Codex\2026-06-03\https-github-com-kennethabarr-transcpp-https\work\transcpp-master\CRE_enalizing\singlehit\selfcompetition-on\2TF_Figure3A\2TF_CREB_familiy_TF\CRE_2TF_selfon2_singlehit_fullanneal_comb_05_CREB1_CREB5_scramble1_rate_invert.txt
family,CREB5,2,valid,0.8048811974231028,0.6478337419652478,0.2829872065097848,260,C:\Users\User\Documents\Codex\2026-06-03\https-github-com-kennethabarr-transcpp-https\work\transcpp-master\CRE_enalizing\singlehit\selfcompetition-on\2TF_Figure3A\2TF_CREB_familiy_TF\CRE_2TF_selfon2_singlehit_fullanneal_comb_05_CREB1_CREB5_scramble2_rate_invert.txt
family,CREB5,3,valid,0.8022799876353589,0.6436531785601917,0.27807342654854367,260,C:\Users\User\Documents\Codex\2026-06-03\https-github-com-kennethabarr-transcpp-https\work\transcpp-master\CRE_enalizing\singlehit\selfcompetition-on\2TF_Figure3A\2TF_CREB_familiy_TF\CRE_2TF_selfon2_singlehit_fullanneal_comb_05_CREB1_CREB5_scramble3_rate_invert.txt
family,CREB5,4,valid,0.8047895789657619,0.6476862664118882,0.28263814326831194,260,C:\Users\User\Documents\Codex\2026-06-03\https-github-com-kennethabarr-transcpp-https\work\transcpp-master\CRE_enalizing\singlehit\selfcompetition-on\2TF_Figure3A\2TF_CREB_familiy_TF\CRE_2TF_selfon2_singlehit_fullanneal_comb_05_CREB1_CREB5_scramble4_rate_invert.txt
family,CREB5,5,valid,0.7436127409653334,0.552959908525976,0.30200677965974376,260,C:\Users\User\Documents\Codex\2026-06-03\https-github-com-kennethabarr-transcpp-https\work\transcpp-master\CRE_enalizing\singlehit\selfcompetition-on\2TF_Figure3A\2TF_CREB_familiy_TF\CRE_2TF_selfon2_singlehit_fullanneal_comb_05_CREB1_CREB5_scramble5_rate_invert.txt
family,CREM,1,valid,0.8240414451206083,0.6790443032764605,0.24869396557399875,260,C:\Users\User\Documents\Codex\2026-06-03\https-github-com-kennethabarr-transcpp-https\work\transcpp-master\CRE_enalizing\singlehit\selfcompetition-on\2TF_Figure3A\2TF_CREB_familiy_TF\CRE_2TF_selfon2_singlehit_fullanneal_comb_06_CREB1_CREM_scramble1_rate_invert.txt
family,CREM,2,valid,0.8240145190609229,0.6789999276232042,0.24873341759104775,260,C:\Users\User\Documents\Codex\2026-06-03\https-github-com-kennethabarr-transcpp-https\work\transcpp-master\CRE_enalizing\singlehit\selfcompetition-on\2TF_Figure3A\2TF_CREB_familiy_TF\CRE_2TF_selfon2_singlehit_fullanneal_comb_06_CREB1_CREM_scramble2_rate_invert.txt
family,CREM,3,valid,0.8239348645073767,0.6788686609507892,0.24876936656631757,260,C:\Users\User\Documents\Codex\2026-06-03\https-github-com-kennethabarr-transcpp-https\work\transcpp-master\CRE_enalizing\singlehit\selfcompetition-on\2TF_Figure3A\2TF_CREB_familiy_TF\CRE_2TF_selfon2_singlehit_fullanneal_comb_06_CREB1_CREM_scramble3_rate_invert.txt
family,CREM,4,valid,0.8240498322697297,0.6790581260637697,0.248727178847303,260,C:\Users\User\Documents\Codex\2026-06-03\https-github-com-kennethabarr-transcpp-https\work\transcpp-master\CRE_enalizing\singlehit\selfcompetition-on\2TF_Figure3A\2TF_CREB_familiy_TF\CRE_2TF_selfon2_singlehit_fullanneal_comb_06_CREB1_CREM_scramble4_rate_invert.txt
family,CREM,5,valid,0.8041686609424633,0.6466872352419946,0.27320148816659606,260,C:\Users\User\Documents\Codex\2026-06-03\https-github-com-kennethabarr-transcpp-https\work\transcpp-master\CRE_enalizing\singlehit\selfcompetition-on\2TF_Figure3A\2TF_CREB_familiy_TF\CRE_2TF_selfon2_singlehit_fullanneal_comb_06_CREB1_CREM_scramble5_rate_invert.txt
